price;area;loc;bedrooms
1675000;2716;1;5
650000;814;2;2
735000;761;3;2
1765000;1986;4;4
675000;700;5;2
420000;403;6;1
1475000;1548;7;4
650000;560;8;1
2500000;1308;9;3
925000;646;10;2
2400000;3392;11;6
2500000;2974;12;6
2795000;5294;13;5
725000;778;14;2
750000;647;15;2
12500000;4596;16;6
1450000;1702;17;3
1250000;3503;18;6
2275000;1173;19;3
1075000;865;20;2
500000;597;21;1
5500000;3016;22;4
8950000;3154;23;4
1175000;765;24;2
550000;479;25;1
1300000;1101;26;3
800000;1177;27;3
3500000;2331;28;4
374950;664;29;2
400000;805;30;2
1100000;582;31;2
1200000;1494;32;4
1250000;1507;33;4
695000;945;34;3
1735000;2118;35;4
2350000;2297;36;5
1200000;1351;37;4
975000;749;38;2
850000;1177;39;3
1599950;1884;40;4
925000;1321;41;2
650000;869;42;3
550000;670;43;1
9975000;10100;44;10
1850000;1910;45;5
525000;590;46;1
2200000;2239;47;4
3450000;5599;48;6
1999999;1608;49;3
725000;884;50;3
1750000;1232;51;2
5250000;2299;52;3
1250000;1307;53;3
490000;570;54;1
3350000;2185;55;3
1000000;1228;56;3
2350000;2511;57;4
2095000;1528;58;3
1250000;811;59;2
735000;969;60;2
875000;1132;61;4
1250000;2498;62;6
595000;643;63;2
1675000;5022;64;3
2595000;4858;65;6
820000;974;66;3
830000;850;67;2
500000;458;68;1
2500000;5999;69;7
7500000;3851;70;6
749950;1382;71;3
480000;448;72;1
3500000;1763;73;4
2100000;1208;74;3
650000;1023;75;2
1050000;1693;76;4
1300000;1890;77;5
625000;1348;78;4
625000;540;79;1
1100000;791;80;2
5950000;2646;81;4
1325000;1375;82;4
1250000;1068;83;2
2300000;1119;84;3
1500000;1811;85;4
1350000;1603;86;5
799995;942;87;3
795000;495;88;1
525000;829;89;2
2595000;2120;90;5
820000;631;91;2
1200000;2108;92;4
680000;705;93;2
2300000;1956;94;3
2300000;2083;95;5
4000000;3714;96;5
500000;516;97;2
1275000;1185;98;3
4500000;2972;99;3
1750000;2125;100;4
2600000;2350;101;4
3450000;2354;102;4
2350000;2183;103;5
2375000;1218;104;2
1995000;1841;105;5
1000000;1154;106;4
1795000;2314;107;5
687500;1178;108;3
2450000;1483;109;3
3500000;1770;110;2
1225000;2487;111;5
850000;773;112;2
780000;654;113;2
399950;697;29;2
1499950;2982;114;5
900000;1081;115;3
2500000;3986;11;6
575000;773;116;2
1250000;1708;117;5
1575000;1580;118;3
4750000;6602;119;6
1175000;1909;120;4
695000;1337;121;3
1200000;1771;122;4
1700000;2374;123;5
1000000;2125;124;2
1635000;903;125;2
625000;902;126;2
1850000;3753;127;6
2400000;1736;128;4
1200000;590;129;1
785000;1173;54;2
1250000;1298;130;2
2300000;1912;131;3
1800000;3877;132;4
1300000;1465;133;3
1750000;1580;134;4
1495000;2300;135;4
1855000;2917;136;5
1625000;1953;137;4
3150000;1449;138;3
5250000;4745;139;7
6000000;4798;140;6
1395000;1902;141;5
1385000;2056;142;3
800000;922;143;2
3695000;2316;144;4
2200000;1195;145;2
1175000;687;145;2
9500000;4815;146;5
3100000;2470;147;4
5500000;3674;148;4
925000;1012;149;3
550000;414;150;1
260000;381;151;0
550000;547;152;1
2400000;2202;153;5
580000;460;154;1
2300000;2785;155;5
1200000;1270;156;3
1500000;1934;157;5
2250000;2605;158;5
1500000;2047;159;4
2150000;2850;160;5
1595000;2555;161;6
1565000;2088;162;5
1500000;2173;163;5
400000;774;164;2
415000;525;165;1
1395000;1230;166;2
2800000;2734;167;6
1195000;872;168;2
2750000;1839;169;4
6950000;5501;170;6
2750000;2675;171;4
525000;514;172;2
5450000;1920;173;3
2325000;2392;174;4
3750000;3256;175;3
1750000;714;176;2
750000;604;177;1
3150000;1755;178;4
1150000;2357;179;4
575000;800;180;2
1250000;2475;181;6
1150000;1703;182;4
650000;584;183;1
1295000;1356;184;4
765000;1362;185;3
1100000;1420;186;3
2350000;2153;187;4
965000;1222;188;4
1750000;732;189;1
800000;1119;54;2
1050000;2375;190;5
475000;525;191;1
752500;874;192;2
1399950;1748;193;4
2795000;6061;194;7
1750000;3913;132;4
2995000;3406;195;5
1825000;2500;196;5
550000;609;197;2
1850000;2516;198;5
625000;428;199;1
2290000;1604;104;2
3450000;1820;200;5
995000;710;201;2
450000;538;202;1
850000;935;203;2
975000;950;204;2
1850000;924;205;3
940000;1074;206;3
1595000;3261;207;5
1275000;1779;208;4
1325000;1541;209;4
850000;1687;210;4
865000;880;211;2
650000;859;212;2
3500000;1577;213;2
1695000;1944;214;5
399995;472;215;1
5750000;4682;216;6
4650000;2865;217;4
1650000;4016;218;8
2800000;1448;219;3
1100000;1056;220;3
2650000;1811;221;3
1575000;2550;222;5
525000;775;223;1
1650000;1099;224;2
850000;726;225;2
2700000;1791;226;3
695000;795;227;2
1400000;1799;228;4
2050000;1293;229;3
615000;972;230;2
1000000;1777;142;3
315000;526;231;1
1850000;1328;232;3
2895000;1289;233;3
450000;459;234;1
500000;963;235;2
675000;949;236;2
650000;583;183;1
1395000;1068;237;1
2395000;4966;238;5
725000;858;239;3
2000000;2525;240;4
625000;664;241;2
1350000;1328;242;3
2100000;2191;243;4
3650000;8034;244;6
1850000;1892;245;4
1500000;1132;246;3
3625000;2190;247;4
1500000;1274;248;2
525000;630;249;2
290000;455;250;1
1725000;2931;251;5
1395000;1510;252;3
400000;705;253;2
3350000;1504;254;3
1795000;2067;255;4
600000;1160;256;2
1500000;1997;257;4
1600000;2149;258;4
1550000;3620;259;7
1325000;1195;260;3
1395000;1587;261;3
735000;849;262;2
825000;2094;263;4
1500000;2550;264;3
679000;832;265;2
1500000;1244;266;3
1000000;1501;267;3
4995000;3035;268;4
1350000;1604;269;4
625000;723;270;2
600000;660;271;2
875000;627;272;1
565000;872;273;2
5850000;3128;274;5
1250000;1201;275;2
1800000;1453;276;3
1495000;1781;277;4
3100000;3800;278;8
1050000;1831;279;3
1850000;2503;280;5
730000;1061;281;3
2900000;5896;282;7
650000;736;161;2
2100000;2438;283;5
2250000;2600;284;5
1695000;1867;285;5
1375000;1884;286;4
1400000;2138;287;5
635000;927;288;2
2995000;1845;289;3
1000000;1758;290;4
449950;526;291;2
425000;474;292;1
650000;1783;293;3
1795000;1902;294;3
1600000;801;295;2
1750000;1002;296;3
2050000;2275;297;5
1150000;1371;298;3
995000;2446;299;5
1900000;1703;300;5
675000;792;301;1
1500000;1273;150;3
620000;786;202;2
650000;747;302;2
500000;663;303;1
1395000;2006;304;5
2950000;3597;305;4
765000;841;306;2
1600000;1854;307;4
975000;1126;308;3
1699999;2119;309;5
950000;1294;310;4
2150000;1582;311;3
2950000;1840;312;2
1500000;1115;313;3
650000;882;314;2
950000;1700;315;4
625000;663;316;2
4825000;10475;317;7
1575000;1983;318;4
2550000;1266;319;3
525000;707;308;2
775000;967;320;2
3250000;2210;321;3
775000;1459;322;4
1775000;2153;323;5
3250000;2543;324;5
700000;797;325;2
595000;760;326;2
525000;540;327;1
2450000;3007;328;6
550000;538;329;2
3950000;6186;330;6
600000;1024;137;1
1450000;1984;331;5
5750000;2896;332;3
7500000;1793;333;2
180000;745;334;2
699950;909;335;3
665000;935;336;3
210000;328;337;0
1550000;3112;338;5
865000;1292;339;3
18000000;8315;340;7
1100000;3153;341;5
2850000;2857;112;5
1150000;1074;342;3
550000;414;150;1
690000;596;150;1
995000;999;343;2
575000;1029;344;3
334950;477;345;1
1000000;962;346;2
750000;1510;347;3
2100000;3596;348;5
1299000;1903;349;4
1900000;2358;350;4
1295000;1813;351;4
1280000;1169;352;2
1425000;2028;353;4
1795000;1720;354;4
1125000;1423;355;4
945000;1001;356;2
3150000;2809;103;5
699950;920;357;2
1275000;1420;358;4
3750000;2428;359;3
460000;431;360;1
6795000;4637;361;6
1695000;2096;362;4
1050000;2254;363;5
15950000;4090;364;4
900000;769;365;2
6950000;3001;366;4
1200000;1155;367;3
399995;990;368;3
1100000;1607;369;4
650000;646;370;2
2950000;3716;371;5
600000;953;372;3
2450000;2313;373;4
775000;939;374;2
625000;652;375;2
295000;344;376;0
2350000;1519;377;4
1999995;1935;378;5
2250000;1299;379;3
550000;582;380;2
499000;451;381;1
850000;1339;382;3
950000;1857;383;4
799999;1507;384;4
2500000;1340;385;3
6450000;3336;386;5
2250000;1765;387;2
2500000;1752;388;3
475000;560;389;1
560000;657;202;2
610000;758;202;2
600000;758;202;2
615000;797;390;1
625000;960;391;2
600000;658;392;1
650000;848;393;2
1285000;1476;394;3
1795000;1824;395;5
825000;843;396;2
2350000;3180;397;6
2350000;2577;398;3
2500000;1498;399;2
675000;946;400;3
4650000;7996;401;6
1695000;6356;402;6
1050000;976;403;2
1200000;932;404;2
625000;663;405;2
649950;1378;406;4
450000;600;407;2
3450000;3070;408;5
995000;908;409;2
795000;1536;410;3
1775000;2336;411;5
1295000;2371;412;5
975000;1201;413;3
1100000;3185;414;5
549950;730;415;1
295000;277;416;0
2600000;1779;417;3
700000;1441;418;4
3950000;1917;419;1
1500000;1666;420;3
1350000;1629;421;4
900000;1069;422;2
2750000;2500;423;5
699500;990;424;2
799950;770;425;2
2895000;2730;426;5
799950;940;427;3
2250000;2949;428;6
1125000;2495;429;5
2020000;1262;430;3
975000;1308;431;4
1595000;2790;432;6
850000;978;433;3
570000;682;434;2
2400000;2411;435;4
475000;496;436;1
800000;734;437;2
950000;3006;438;5
1200000;1934;439;4
3250000;4370;440;6
2375000;2153;441;3
650000;595;442;2
1295000;876;443;4
1000000;905;444;2
1885000;1675;445;4
635000;797;446;2
3495000;4420;447;6
1200000;1378;448;3
1200000;1751;122;4
1600000;2330;449;5
799000;1214;450;3
850000;876;451;2
500000;872;452;2
2500000;1323;453;3
3950000;2547;454;4
2995000;1393;332;3
995000;888;455;1
2250000;1857;456;4
749950;855;457;2
420000;538;202;1
424995;422;458;1
2150000;2074;459;4
1500000;1645;460;3
1575000;2115;461;4
1500000;2242;462;5
550000;600;463;1
475000;381;464;1
595000;791;465;2
2250000;2937;466;6
755000;907;467;3
900000;1218;468;3
1990000;1560;104;2
1195000;1464;469;3
450000;696;470;2
325000;339;471;1
1150000;1541;472;4
850000;1456;473;2
879000;1004;474;2
1295000;1875;475;5
575000;695;476;2
4100000;1496;477;2
1800000;1919;478;3
649950;804;479;2
899950;1143;480;2
1999950;1848;481;3
1995000;3510;348;5
1595000;1170;482;2
499000;690;483;2
3410000;2852;484;4
6750000;2823;485;5
2850000;1724;486;3
1895000;1474;487;3
1650000;1756;488;4
1225000;1806;489;4
1100000;2145;490;5
1095000;950;491;2
2395000;3498;492;5
550000;904;493;2
1500000;2583;494;5
750000;911;495;2
1150000;1822;496;5
665000;647;292;2
1250000;1036;497;2
1895000;2564;498;5
600000;632;499;2
700000;946;500;2
2450000;3020;501;6
1750000;853;502;2
895000;1033;503;3
1000000;884;504;1
2300000;2124;505;4
375000;444;506;1
2150000;3177;507;5
785000;1474;508;3
725000;591;509;1
2850000;5130;510;7
5950000;11716;511;6
985000;1140;512;2
585000;795;513;2
995000;1993;514;5
550000;666;515;2
7300000;2230;516;3
1250000;885;517;2
3750000;2396;518;4
430000;514;519;1
830000;891;519;2
1100000;635;520;1
3100000;1410;521;3
925000;706;522;1
2650000;3319;523;6
450000;569;524;2
650000;720;525;2
799950;956;526;2
1250000;1209;527;2
2995000;5614;528;6
2250000;3661;529;4
2995000;7087;530;7
1100000;1629;349;3
3350000;3770;531;6
775000;810;532;1
800000;1080;533;3
1850000;1735;534;4
1500000;1108;535;3
1695000;2147;536;5
750000;686;537;1
1985000;1492;538;3
1100000;1125;497;2
650000;674;2;2
4500000;2145;539;3
4750000;2552;540;4
995000;1706;541;5
2150000;2172;542;3
695000;964;543;2
575000;573;544;2
1950000;966;545;2
2000000;2365;546;4
1100000;816;547;2
1550000;2500;548;5
649999;569;549;1
1500000;1868;550;5
725000;960;551;3
785000;739;241;2
400000;491;552;1
1395000;2141;553;4
799950;1519;554;4
975000;2169;555;3
4750000;2157;556;4
899950;947;557;2
925000;931;558;2
1800000;1776;559;5
2950000;3144;560;6
795000;825;561;2
795000;798;562;2
499999;452;563;1
1450000;2523;564;4
780000;558;565;1
398000;461;566;1
570000;680;567;2
625000;1007;568;2
1150000;1259;569;3
655000;703;2;2
375000;482;570;1
2395000;2221;571;4
670000;614;572;2
1450000;1792;573;5
1750000;2203;574;3
2250000;1673;575;3
1295000;1424;576;3
1750000;2435;577;4
700000;707;578;2
2100000;2137;579;5
775000;1414;580;4
1575000;2379;581;5
650000;1091;582;3
8750000;2755;583;3
775000;705;584;2
975000;1200;585;3
699999;878;586;2
2250000;2344;546;5
1750000;2540;587;5
1380000;1737;588;5
1595000;3069;589;5
5500000;4666;590;7
3050000;3717;591;5
2350000;3594;592;5
1600000;1018;593;2
6950000;1840;594;3
5250000;2026;595;3
3375000;913;596;2
1700000;1138;597;3
4650000;2231;598;4
2100000;1074;599;2
7950000;3247;600;4
390000;506;601;1
1650000;1684;602;4
2000000;1997;603;4
1225000;1633;604;4
1585000;2055;605;4
4250000;4774;606;7
3950000;2815;607;4
6500000;5196;608;6
985000;1295;609;3
1500000;1275;610;3
465000;543;611;1
950000;1357;612;3
699950;786;613;2
725000;1134;614;2
465000;473;292;1
500000;451;360;1
5750000;2524;615;3
5450000;1650;616;2
775000;1169;617;3
550000;676;618;2
1500000;4023;619;7
775000;820;620;2
699950;907;621;2
1550000;2052;622;4
1850000;3247;623;7
249999;458;624;1
3300000;3448;625;4
1600000;1402;520;2
1790000;890;626;2
4950000;2817;627;6
2250000;987;477;2
2650000;1027;477;2
1000000;2000;628;4
1250000;2244;629;4
990000;820;8;2
1650000;1259;125;3
765000;618;177;1
1100000;1095;630;2
474950;540;631;1
2450000;1879;632;3
650000;668;633;1
499950;603;543;1
449950;539;543;1
1349950;2986;634;5
1350000;1890;635;4
375000;961;636;2
625000;968;637;3
2250000;4312;638;5
2350000;3861;639;5
900000;1437;640;3
395000;734;641;2
1000000;1539;642;2
825000;1517;643;3
1600000;2340;644;5
1250000;1085;645;2
1100000;1112;646;3
1200000;1517;647;4
4000000;5108;648;5
1250000;1952;649;3
430000;477;650;1
635000;556;651;2
1000000;960;652;2
420000;783;653;2
699950;816;43;2
585000;552;654;1
800000;1148;655;3
375000;880;656;3
1450000;2131;657;4
2000000;2518;658;5
995000;814;659;2
3250000;917;660;2
4495000;4063;661;6
1350000;2912;662;4
875000;570;663;2
750000;633;664;2
7500000;2693;665;4
5950000;3002;666;4
3750000;1925;667;3
7600000;2238;668;3
565000;739;669;2
1435000;1341;670;3
1295000;1321;671;2
485000;822;672;2
520000;944;673;2
2350000;2281;674;4
1350000;1805;32;4
545000;691;675;1
640000;691;675;2
545000;577;675;1
1850000;2120;306;3
1460000;1399;306;3
2200000;2266;676;5
1325000;1782;677;4
3550000;1862;678;3
1195000;1271;469;3
1995000;2620;679;5
1585000;1712;680;4
2695000;3924;681;6
2990000;3067;682;6
1875000;2422;683;5
650000;623;442;2
559000;513;684;1
3450000;1441;516;2
2000000;1520;685;2
1650000;1750;686;4
425000;592;687;1
700000;1040;688;3
2200000;1163;689;3
1750000;1224;690;3
1450000;765;691;2
3500000;2216;692;4
925000;1032;693;2
1850000;1623;694;4
2295000;2039;695;3
925000;730;696;1
2000000;3060;697;5
1350000;1767;698;4
1418000;1335;699;3
1300000;1685;700;4
5350000;2710;701;4
2400000;2425;702;5
825000;853;703;3
635000;634;704;2
935000;944;705;2
699950;883;706;2
765000;1500;707;4
1250000;2502;708;5
725000;784;474;2
1350000;628;709;1
1200000;1746;710;5
970000;810;8;2
650000;560;8;1
750000;599;711;1
500000;566;712;1
825000;1226;713;2
975000;1386;714;3
350000;425;506;0
925000;1270;715;4
1000000;703;716;2
1495000;1122;717;2
2350000;2667;718;5
675000;924;400;2
765000;1025;719;4
799950;1320;720;4
2950000;3451;721;5
999950;792;722;2
1200000;1710;723;4
1250000;1395;724;4
1495000;1889;725;4
1950000;2150;95;4
785000;590;726;1
2250000;1641;727;3
6450000;3578;728;2
749950;1059;729;2
1675000;2565;730;4
950000;1360;731;4
1975000;2458;732;2
3550000;1986;733;5
350000;539;734;1
2375000;2540;174;5
2325000;2466;174;5
4600000;1961;735;3
700000;1174;736;4
1350000;2312;737;4
1325000;824;738;2
1850000;981;739;2
5250000;3782;28;8
1000000;1549;740;4
1275000;2344;741;5
2000000;1072;83;2
1200000;1760;742;4
1175000;1668;578;4
1300000;2177;743;4
3500000;4213;744;7
800000;1035;745;2
1200000;1615;746;4
3295000;3230;747;5
425000;548;748;2
1215000;1091;306;3
1850000;1341;749;3
2275000;2652;750;5
400000;601;751;2
800000;1143;752;3
700000;940;753;2
750000;1522;754;4
500000;561;755;1
3975000;1726;756;3
1999995;2537;757;5
1099000;1554;758;4
539950;627;759;2
1050000;1677;760;4
850000;901;761;2
599950;699;762;2
695000;987;763;2
950000;922;764;3
1999995;2073;765;4
365000;520;766;1
1200000;1218;767;3
2950000;4389;768;6
380000;550;769;1
1875000;3435;770;5
5100000;4459;771;7
490000;771;772;2
2750000;2612;773;6
450000;460;292;1
825000;1224;774;3
1695000;2205;775;4
425000;548;776;1
1250000;896;777;2
3750000;2239;778;4
785000;1263;779;2
675000;891;780;2
465000;518;781;1
1350000;1023;782;2
2500000;2458;783;5
675000;915;784;2
945000;1112;115;3
725000;861;785;2
325000;469;786;1
800000;742;787;2
595000;476;788;1
425000;740;789;2
1250000;1380;186;3
2100000;1959;790;5
875000;869;791;2
1095000;1238;792;3
1495000;1680;793;4
895000;1221;794;3
650000;1087;795;3
3500000;1548;796;3
4750000;1559;616;2
550000;690;797;2
525000;1299;798;3
4035000;2174;799;4
1150000;933;800;2
2350000;1327;801;2
2100000;2810;802;3
1000000;2590;803;4
780000;1010;804;2
1595000;3260;805;6
1000000;2456;806;3
850000;953;807;2
625000;967;808;1
1300000;1457;809;4
2950000;2349;810;5
995000;1184;469;3
1150000;1705;811;3
700000;814;812;2
575000;619;813;2
1675000;1749;814;4
4500000;1607;815;2
820000;992;816;1
2950000;2400;817;3
635000;774;818;2
1995000;3256;819;5
1895000;1868;820;3
1495000;2566;821;5
2250000;3364;822;5
1250000;2032;604;6
825000;1026;87;3
875000;767;823;2
2175000;2108;95;5
2250000;2332;824;5
975000;1100;825;2
1735000;2144;826;4
1375000;1335;613;3
1295000;1811;827;4
875000;693;375;2
1950000;1873;828;5
995000;1243;757;2
3450000;3825;829;5
1295000;1366;517;2
2500000;4222;830;6
2150000;1672;831;3
800000;548;832;2
1750000;883;626;2
1250000;1901;833;4
1178000;847;834;2
1285000;652;835;1
7950000;3443;836;5
2150000;1806;837;4
1895000;2132;838;5
1200000;1355;839;2
725000;804;840;1
1100000;1069;841;2
1000000;2258;842;4
600000;870;75;1
695000;537;843;1
1450000;1921;844;4
699950;902;845;2
1295000;1674;846;4
2600000;1500;847;3
600000;570;848;2
895000;900;849;3
1160000;1112;850;2
500000;622;851;2
625000;797;852;2
450000;377;853;1
2750000;2999;854;7
899950;1115;855;3
1250000;649;856;1
1650000;1055;857;2
3450000;1575;858;2
2975000;1657;858;3
2500000;1266;859;3
2150000;1064;860;2
1995000;1053;861;2
1700000;1045;862;2
2600000;1722;863;3
1675000;905;864;2
1495000;776;865;1
2895000;1398;615;2
1450000;675;866;1
795000;691;867;1
1895000;1522;868;2
1850000;1480;869;3
3500000;1804;870;4
450000;410;871;0
2895000;1850;872;3
1250000;1317;873;3
4250000;2713;874;6
1300000;1162;875;2
1175000;793;876;2
4450000;1894;877;3
1550000;923;878;2
1300000;914;879;2
1550000;2602;880;4
1325000;2410;881;5
1450000;1899;882;4
1175000;1503;883;4
795000;823;306;2
4750000;3104;884;6
799950;890;885;2
650000;743;170;2
850000;1167;886;3
560000;779;887;1
910000;960;888;3
399950;621;889;1
465000;592;890;1
1535000;2352;891;5
725000;1344;892;5
1295000;1702;893;4
825000;947;894;2
1195000;879;895;2
1250000;1061;896;2
1350000;1225;897;2
1225000;2289;898;5
585000;1032;899;2
550000;542;900;1
985000;677;901;2
530000;482;902;1
4200000;2968;903;3
1375000;1340;904;3
575000;707;905;2
2950000;2740;906;4
1950000;1795;907;3
3250000;3156;908;5
1250000;1980;909;4
975000;1634;910;3
1100000;1716;911;4
900000;1989;912;3
300000;517;913;1
510000;577;675;1
350000;302;914;1
875000;981;915;2
1095000;2642;916;3
3350000;3256;917;5
1350000;1723;918;4
950000;817;919;2
1275000;2711;920;5
975000;1013;921;2
3950000;2530;922;6
475000;650;923;2
575000;840;424;2
599950;930;924;3
585000;881;925;2
1750000;2223;926;4
2950000;4034;927;6
950000;1258;928;4
910000;683;929;1
1849950;2372;930;5
700000;758;931;2
1275000;1419;932;3
425000;549;933;1
1395000;3178;934;4
3000000;2432;935;4
2975000;3352;936;6
775000;990;937;2
4950000;4482;938;7
1850000;2088;939;4
649000;560;8;1
499950;386;940;1
399950;806;941;3
500000;527;942;1
1085000;1705;943;3
1595000;1679;944;4
850000;1336;784;3
1500000;2084;945;5
2800000;4050;946;6
1799995;1236;947;2
2700000;2685;948;5
1150000;1301;949;4
2475000;2406;950;5
799950;766;951;2
2950000;1181;52;2
2500000;4420;952;6
950000;1397;953;3
595000;683;954;1
1495000;1892;955;5
625000;693;956;2
935000;829;957;2
599995;710;958;2
1650000;2048;959;4
525000;666;960;1
800000;992;143;2
995000;1716;961;5
1750000;3184;962;4
775000;634;963;2
1595000;2287;964;5
1500000;1438;965;3
3750000;1550;966;2
3250000;2989;967;4
895000;1039;968;2
799999;1076;969;3
650000;890;970;2
1395000;1918;971;3
550000;547;972;1
500000;1008;973;3
1550000;1378;974;3
4950000;3330;975;3
2850000;1752;975;2
2250000;2557;976;3
595000;807;75;2
3300000;6309;977;5
1225000;1758;978;4
1350000;2264;979;2
545000;773;980;2
1195000;1668;981;4
822500;869;306;2
1345000;1030;982;3
1400000;1145;678;2
1750000;1232;983;2
2895000;3660;984;6
2350000;1844;985;4
1075000;1142;986;3
1350000;1637;761;4
2250000;1348;477;2
699950;787;987;2
1425000;1761;988;3
435000;527;152;1
2950000;3300;989;5
645000;904;75;2
995000;1681;349;3
5500000;5453;990;6
2500000;2413;991;5
1200000;1585;992;4
1750000;1891;535;5
725000;924;993;3
850000;780;951;2
2249000;2600;994;5
475000;598;995;1
525000;558;996;1
370000;400;997;1
2500000;2132;998;2
700000;1301;999;3
1595000;2046;1000;4
715000;764;1001;2
985000;978;1002;2
4850000;1518;1003;3
1695000;3683;1004;5
1095000;1728;1005;4
1325000;2659;1006;5
699950;1255;1007;1
350000;420;1008;1
2000000;3556;529;6
1095000;2442;1009;5
3250000;3467;350;6
899950;939;1010;2
2166000;1236;947;2
480000;577;675;1
825000;869;1011;2
2950000;2768;1012;4
585000;784;1013;2
2975000;2041;1014;3
680000;1125;1015;3
899000;982;519;2
675000;1153;1016;4
475000;890;1017;2
1265000;2568;1018;5
3500000;11077;1019;6
3500000;2401;1020;4
599995;528;1021;1
550000;736;1022;2
1325000;1595;605;4
2400000;2850;1023;6
2500000;3525;1024;6
1150000;1302;721;2
550000;1023;1025;2
690000;753;1026;2
1175000;949;1027;2
2000000;2222;1028;5
1045000;810;8;2
699950;848;1029;2
900000;1223;1030;3
875000;1061;1031;3
1695000;1938;1032;4
845000;960;1033;2
850000;1213;1034;4
2000000;2401;1035;3
3250000;1509;52;1
1750000;1239;1036;3
1250000;1880;1037;4
550000;562;1038;1
1050000;1309;1039;3
1095000;945;1040;1
1195000;2737;1041;4
1100000;985;1042;3
3000000;2427;1043;4
2150000;2416;1044;5
1800000;2129;1045;5
1295000;1248;1046;3
1125000;2137;431;5
1025000;1556;1047;4
1675000;2346;1048;5
2750000;3251;1049;7
500000;670;1050;1
2520000;2638;1051;5
865000;1023;1052;2
700000;875;1053;2
1350000;1295;1054;3
3450000;1215;1055;2
775000;1066;795;3
1195000;1697;1056;4
725000;1200;1057;3
700000;606;1058;2
695000;796;2;2
1299000;827;1059;2
5950000;2817;1060;3
595000;786;936;2
2100000;2296;1061;4
1475000;1894;1062;4
2950000;3336;1063;7
450000;570;1064;2
550000;672;1065;2
2250000;1297;312;2
2750000;4925;1066;6
599950;734;1067;1
650000;667;1068;1
850000;900;1069;2
825000;1027;1070;3
1850000;1678;559;5
1750000;1390;1071;3
3150000;3100;1072;5
599950;1128;1073;3
1995000;3605;1074;6
1595000;3304;1075;6
1195000;752;1076;2
2650000;2229;990;4
950000;973;1077;2
1050000;817;8;2
695000;678;8;2
3895000;4453;1078;6
425000;502;1079;1
1300000;2484;1080;4
439000;670;1081;2
4500000;2742;540;6
599950;689;1082;1
1500000;1327;1083;4
625000;513;1084;1
499999;700;1085;1
435000;565;1086;1
850000;743;1087;2
2695000;3125;771;4
2250000;2389;36;5
1700000;2033;1088;5
3450000;2160;1089;4
3250000;3098;1090;5
650000;650;1091;2
1395000;981;726;2
475000;705;1092;2
1250000;1810;775;3
1150000;1468;1093;3
625000;1213;1094;4
575000;1092;1095;2
695000;815;688;2
2100000;2325;921;5
750000;838;1096;2
1399000;1456;1097;3
4750000;1774;520;3
2275000;1969;1098;4
599950;657;1099;2
1995000;2707;577;5
899000;1109;1100;3
1575000;2050;1101;5
850000;655;1102;1
1250000;1683;1103;4
3750000;3391;1104;5
995000;1423;1105;5
850000;1163;1106;3
2400000;1898;1107;4
599950;830;1108;3
875000;1334;1109;5
675000;602;1110;2
735000;953;1111;2
925000;1082;1096;2
1300000;2547;1112;5
7500000;12526;1113;7
7450000;3997;1114;6
8250000;3188;1115;5
2395000;2212;25;4
500000;675;713;1
2550000;2241;1116;5
600000;721;1117;2
590000;702;1118;2
550000;674;1119;2
1650000;1716;1120;5
1250000;1700;1121;4
475000;645;1122;2
425000;603;349;1
599000;830;1123;2
1325000;1800;1124;4
1350000;1862;1125;3
1225000;1681;279;4
650000;779;1126;2
6950000;3911;1127;6
4495000;2607;1128;4
599950;969;1129;3
465000;461;1130;1
749950;650;897;2
1050000;1155;1131;2
650000;684;1132;2
775000;928;1133;2
2100000;2132;174;4
1075000;2096;1134;4
625000;676;220;1
1800000;1405;1135;3
775000;1368;1136;3
2050000;2875;1137;4
775000;936;1138;2
885000;1258;1139;2
2400000;2803;1140;6
825000;1388;1141;3
2250000;2946;1142;4
1125000;1566;1143;5
1000000;1306;1144;4
350000;670;1145;2
600000;1041;339;2
3600000;1831;1146;5
2050000;2202;1147;3
765000;992;1148;2
1675000;1101;1149;2
1375000;1002;1150;2
1350000;993;1151;2
8850000;3813;1152;5
3850000;2285;1153;4
2500000;2537;1154;6
575000;840;424;2
4650000;4653;1155;7
4950000;7043;1156;6
555000;753;349;2
3750000;1902;1157;4
1050000;1338;1158;3
1775000;2200;1159;4
550000;773;980;2
2700000;2953;1160;7
399950;580;1161;2
595000;545;306;1
3200000;2988;1162;4
675000;778;1163;2
765000;864;1164;2
800000;1428;1165;4
835000;651;1166;1
1200000;1662;1167;4
2395000;1160;626;2
3250000;1738;1168;3
2990000;1451;799;3
499950;388;112;1
1800000;4225;1169;5
2300000;2800;674;6
573000;429;699;0
835000;704;1170;2
2200000;2354;1171;5
700000;680;1172;1
2775000;1711;1173;3
750000;1076;1174;3
1195000;1538;1175;3
1425000;2173;1176;5
380000;420;1177;1
899950;2915;1178;5
2000000;2149;141;5
2995000;5517;69;7
1490000;1875;1179;5
1750000;2364;1180;5
2000000;2347;174;4
710000;818;1181;2
915000;810;8;2
2000000;2078;1182;4
425000;495;1183;1
499950;656;1184;2
1050000;1186;1185;3
1150000;1906;1186;5
1825000;2100;1187;4
1325000;1795;1188;4
1450000;1950;1189;4
895000;1112;1190;3
1499995;1142;947;2
550000;853;1191;2
550000;500;1192;1
1050000;1261;1193;3
2750000;2637;1194;4
1785000;2061;1195;5
450000;332;1196;0
375000;515;1197;1
5500000;1973;1198;3
2850000;3008;1199;5
2450000;2300;1200;5
1600000;2071;1201;4
450000;790;1202;2
2000000;1688;8;4
1595000;1828;1203;3
600000;780;1204;2
545000;767;349;2
995000;1310;1205;4
1050000;1355;1206;4
1385000;990;1207;3
650000;1106;1208;2
10950000;3111;1209;3
375000;525;1210;1
899000;1168;1211;3
995000;1055;1212;3
1695000;2368;1213;5
495000;815;1214;2
775000;665;1215;2
950000;2348;1216;4
1750000;4387;1217;4
1150000;1582;519;3
4400000;4102;1218;5
2300000;2362;1219;5
775000;983;1220;3
625000;676;1221;1
1300000;1496;1222;4
525000;540;1223;1
849999;802;1224;2
525000;581;1137;1
1650000;1648;1225;4
635000;936;1226;2
1550000;1884;469;4
1000000;1190;1227;3
5500000;2497;1228;3
450000;646;1229;1
600000;1202;1230;4
1325000;779;1231;2
6950000;11177;1232;6
950000;1023;1233;2
430000;538;424;1
700000;1121;1234;2
1150000;1580;1235;4
795000;989;1220;3
1150000;911;455;2
1450000;2000;1136;5
1550000;2328;304;5
730000;1127;1025;3
860000;1010;791;2
1250000;960;1236;2
1295000;1940;362;5
595000;1452;1237;3
1600000;1875;1238;4
3995000;2694;626;3
3000000;2011;1239;4
2500000;2907;1240;5
6350000;4689;1241;4
1350000;2545;1242;4
1175000;1263;1243;3
2100000;2360;1244;4
745000;1181;1245;3
560000;468;1246;1
2450000;3831;1247;5
2295000;4569;1248;5
2395000;2443;1249;5
1250000;1600;1250;2
850000;1254;1251;3
2975000;1522;1252;3
7500000;6863;1253;5
1285000;1011;1254;3
795000;2472;1255;5
835000;1297;774;3
925000;1270;1256;2
1595000;3578;1257;5
5500000;4227;1258;9
3500000;3709;1259;7
3500000;4095;1260;5
730000;833;1261;2
995000;1889;1262;4
1195000;1720;1263;4
1395000;2427;1264;5
3850000;1643;1265;3
1200000;1298;670;4
1050000;1206;1266;2
500000;794;1267;2
575000;1034;1268;2
575000;741;1269;2
449950;759;1270;3
2650000;2311;1271;2
500000;492;1272;1
1050000;1248;1273;4
629000;640;1274;2
499950;690;1275;2
1690000;2099;1276;4
1650000;2644;244;4
1995000;5982;244;5
385000;297;1277;0
1450000;963;1278;2
1750000;1189;1279;2
450000;680;1280;0
575000;1023;1025;2
730000;665;306;2
575000;558;1137;1
4950000;2079;1281;5
485000;786;1282;3
350000;678;1283;1
500000;564;1284;2
1450000;1981;1285;3
1995000;2188;1286;4
1250000;1962;1287;5
1750000;2266;137;5
1675000;2485;1288;6
1700000;1958;1289;4
799950;842;1290;2
7450000;3285;1291;5
900000;836;1292;2
2100000;2565;1293;5
995000;836;1294;2
599995;926;1295;2
435000;439;1296;1
565000;793;1297;2
1450000;1568;1298;4
3495000;7886;1299;6
2995000;1446;947;2
2495000;1163;947;2
3050000;2599;1300;5
1450000;1669;1301;4
1450000;2136;258;5
1650000;2270;1302;4
500000;808;1303;2
2100000;2132;174;4
2000000;1693;8;4
899000;1003;1304;2
995000;1561;54;3
1399000;1351;1305;2
1250000;1253;1306;3
800000;1018;1169;2
2750000;4056;1307;6
650000;877;259;2
490000;695;1308;2
765000;858;1309;2
699950;756;1310;2
2650000;2607;1311;5
899950;922;1312;3
2695000;3797;1313;6
1895000;2503;1314;5
1100000;1236;1315;2
6250000;1736;1316;3
535000;729;1210;2
550000;849;1210;2
835000;875;1317;2
2485000;2603;174;5
1895000;1438;1318;2
3300000;1889;1319;4
572900;721;424;2
432500;538;424;1
620000;930;924;2
580000;832;924;2
590000;840;924;2
599950;724;1320;2
1225000;1163;1321;3
850000;1389;1322;3
1375000;2441;1323;5
1850000;2766;1324;6
630000;904;75;2
650000;776;1220;2
512500;858;1025;2
599950;506;1325;1
650000;531;823;1
950000;939;1326;1
1695000;1705;1327;4
785000;1098;1328;3
1450000;2028;1329;5
1795000;2336;1330;5
2900000;1677;1331;4
2000000;1719;1332;4
1695000;3235;1213;6
575000;983;1210;2
4950000;2861;1333;5
635000;942;1132;2
2100000;1688;8;4
6000000;12546;1113;7
1195000;2150;1334;5
1750000;1134;1335;2
475000;637;1336;2
1195000;1823;182;5
1100000;1449;883;5
2050000;2563;1337;5
1225000;2337;1338;5
425000;620;1339;1
385000;800;1340;2
395000;771;259;1
525000;771;1341;2
2750000;2339;1342;5
1395000;2358;1343;6
1995000;1156;1344;3
3950000;2227;1345;4
1850000;1462;8;3
1600000;2561;1346;5
2524000;1008;947;2
780000;798;306;2
2225000;2899;1137;4
550000;581;1137;1
4650000;2245;1347;3
3150000;2894;1348;5
935000;1179;1030;3
625000;613;1349;2
699950;1334;1226;2
9950000;2832;1350;3
2750000;2213;1351;5
1995000;1077;1352;3
2500000;4012;1353;5
999950;840;1354;2
550000;399;1355;1
2600000;3318;1356;5
2150000;2087;1357;5
1800000;2001;1358;5
1395000;2390;161;5
1100000;1370;1359;3
700000;693;915;2
1200000;1743;1360;4
2125000;2591;1361;5
2850000;2934;139;5
750000;1309;1362;3
8950000;3711;1363;4
535000;900;1364;3
575000;1013;1365;3
1425000;1063;8;2
2650000;1727;975;2
775000;870;1366;2
1425000;1980;162;5
1125000;1727;1367;4
895000;1407;1368;4
650000;884;259;2
1295000;1873;77;4
2100000;1527;1369;3
1750000;2006;1370;5
700000;807;1371;2
2250000;1669;1372;3
750000;1171;1373;3
599950;883;1374;2
650000;976;1375;2
1285000;1968;1376;5
600000;692;513;2
995000;812;1377;2
450000;533;1378;1
3950000;1150;1379;2
575000;784;1380;2
1400000;1406;602;4
399950;398;1381;1
675000;970;1382;2
900000;901;484;2
699950;645;58;1
835000;1155;1383;3
750000;815;1384;2
939999;1171;448;3
655000;761;609;2
995000;1041;497;2
675000;757;1385;2
1300000;1626;1386;4
1095000;1322;1387;3
1050000;2562;1388;4
625000;946;1389;2
795000;666;1390;2
1445000;2468;1391;6
5950000;1916;1379;2
830000;813;1392;2
495000;758;1393;3
699950;935;1394;3
1350000;1636;1395;4
400000;764;1396;2
865000;559;1397;2
1100000;1345;209;4
1250000;2176;1398;4
4416000;1847;947;3
699950;831;1053;2
1995000;1575;516;3
625000;694;1399;2
2395000;5300;1400;7
570000;642;1099;2
450000;595;1401;2
695000;1042;1402;3
1375000;1791;1403;4
1550000;2302;1404;4
2150000;1929;1405;5
1750000;1660;538;3
4950000;2610;1406;5
1100000;1685;918;5
995000;1172;1407;3
475000;650;1408;2
495000;696;1409;1
1795000;2605;1410;4
1795000;2001;1411;5
1350000;1519;228;3
475000;584;1412;1
2850000;2338;1413;4
700000;947;1414;2
930000;1834;1415;5
1575000;1986;1416;5
900000;650;1417;2
750000;421;1418;1
2600000;1281;1419;2
1950000;1765;1420;2
1200000;852;1421;2
840000;625;1417;2
1050000;848;1422;3
1065000;2625;1423;5
1000000;862;1424;2
1100000;706;1425;2
800000;794;1021;2
875000;972;1426;2
900000;1055;1427;2
875000;1210;1428;2
1795000;3796;1429;6
935000;1583;1430;3
2695000;5164;1431;5
2250000;2654;1432;5
1950000;2063;1433;5
475000;474;1434;1
2500000;2235;1435;5
1695000;2014;309;5
550000;540;1436;1
2550000;1451;1437;3
695000;983;1438;1
725000;1323;1439;3
1600000;2609;1440;5
675000;986;1441;3
1100000;1809;1442;2
450000;566;1443;1
635000;840;1444;2
1500000;2035;1445;5
4650000;3244;1446;6
695000;734;474;2
865000;1115;264;2
1195000;1300;1447;3
450000;731;1448;2
475000;639;1449;1
700000;1021;1450;2
1850000;1454;1451;2
699950;918;1452;3
700000;942;1453;3
699950;942;1454;2
750000;914;1455;3
675000;586;1456;2
765000;818;1457;2
625000;789;1458;2
595000;1197;1459;2
675000;803;1460;3
1095000;1466;1461;4
1150000;1012;1462;3
860000;1018;1463;2
2500000;1615;695;3
3395000;3583;1464;6
899950;1615;1465;3
1200000;1077;1466;2
595000;947;1467;3
375000;402;1468;1
1180000;1732;1469;3
1800000;2626;1470;5
2750000;4180;1471;5
575000;680;658;2
1550000;2265;657;5
1695000;1636;1472;4
600000;514;986;1
2700000;3705;1473;6
699950;816;1474;2
1225000;1450;1212;3
950000;849;1475;3
799999;483;1476;1
1725000;2512;1477;5
550000;1899;1478;2
925000;635;1479;1
1625000;2056;921;4
825000;840;1480;2
900000;1170;1481;3
550000;790;1482;2
1500000;1186;1483;3
750000;627;1484;1
1695000;1187;1485;2
599950;432;1486;1
2399500;2222;1487;4
950000;929;1488;3
875000;918;1489;2
2250000;1642;1490;4
4395000;3292;1491;5
439950;466;1492;1
1795000;1669;1493;4
699950;734;1494;2
815000;969;1495;3
1375000;1427;1496;4
1630000;3457;1497;6
1195000;1953;1498;5
1595000;3110;1499;4
1850000;2739;1431;5
725000;1328;1500;3
895000;1255;910;2
775000;1160;1501;3
2250000;1700;1502;3
2650000;1393;1503;2
480000;732;1504;2
1975000;2827;1307;6
625000;638;1505;2
1850000;2286;1506;4
1600000;2201;1507;5
399995;553;1508;1
1350000;1628;1509;4
760000;919;1510;2
1600000;1983;1511;4
500000;373;1512;1
2350000;2200;1513;5
1325000;1476;1514;3
1350000;1707;1515;4
850000;906;1516;2
1500000;2024;1517;4
1090000;923;1518;2
1425000;1067;652;2
925000;1518;1519;4
1080000;1435;1520;3
1100000;942;1521;2
1000000;1523;1522;4
2500000;1717;1523;2
650000;509;1524;1
500000;815;1525;3
499999;360;1526;1
800000;558;1527;2
1140000;580;1528;1
2150000;1969;1529;3
2000000;1415;1530;2
1475000;2366;1531;4
695000;429;1418;1
1895000;1447;1532;3
500000;563;479;1
585000;750;1454;2
1525000;1750;1533;4
1500000;1311;1534;3
2950000;4125;1535;6
2950000;3165;1536;5
765000;1143;1537;3
1050000;1949;1538;4
850000;1326;1539;3
999500;796;1540;2
525000;714;1541;2
550000;701;1542;2
1350000;1605;1543;4
825000;753;1544;2
699995;791;1545;2
590000;1271;1546;4
1650000;2042;1547;5
625000;776;1548;1
750000;789;1549;2
539000;610;1550;2
699950;602;1551;2
1500000;1580;209;4
2500000;3058;1358;6
1495000;886;1552;2
1100000;1058;1553;2
3000000;6049;543;5
2695000;2938;1554;6
725000;800;325;2
1700000;1303;1555;3
3350000;3564;1556;4
999995;1855;1557;3
3650000;3070;1558;5
1295000;1471;1559;2
1395000;847;1560;2
2850000;1091;1561;2
470000;531;1562;1
830000;551;1563;1
1250000;1872;1564;4
895000;836;1565;2
8000000;6713;1566;8
825000;1443;1567;3
625000;925;1568;3
2500000;1033;1569;3
4000000;1948;1570;3
3950000;2573;1571;3
675000;722;1572;2
925000;969;1573;2
1550000;1963;605;4
999950;927;1521;2
715000;969;1574;2
1650000;1869;1575;4
2650000;2314;1576;5
850000;1249;1577;3
475000;477;457;1
950000;1190;1578;2
1250000;1658;1579;4
2500000;2960;1580;5
1950000;2817;1581;6
2950000;2128;1582;3
1395000;1150;1583;2
1300000;1476;1584;3
1025000;947;1521;3
650000;997;1585;2
2000000;2593;1586;4
950000;1298;1587;4
500000;572;1588;1
1200000;1125;1589;3
625000;842;1590;1
1350000;1873;1591;5
1899950;1250;420;3
2100000;1556;1592;4
3900000;2139;1593;3
39750000;5623;1594;5
14250000;2415;1594;3
1300000;1986;506;3
730000;693;1595;2
409950;463;1596;1
735000;983;1597;3
495000;499;1598;1
875000;898;1599;1
1250000;913;1600;2
700000;870;1601;2
8250000;1455;1594;2
835000;878;1602;2
800000;920;1385;3
1950000;2006;1603;5
725000;904;1604;3
900000;802;1605;2
800000;532;1606;1
2550000;2679;1607;5
1400000;2921;1608;4
675000;676;1609;1
725000;875;1610;2
3950000;2780;1611;3
4750000;8590;1612;7
2250000;2736;1613;5
4300000;9623;317;7
2550000;3753;1614;7
5500000;4292;1615;6
435000;465;1616;1
499950;666;1617;1
1800000;2098;1618;4
435000;506;1619;1
995000;747;1620;2
1550000;1315;1588;3
3600000;2600;1621;4
750000;709;1011;2
680000;581;409;2
1395000;1428;1622;5
575000;745;1623;2
2675000;3595;1471;5
2200000;2288;1624;3
2300000;1447;1625;2
520000;1162;1626;4
875000;1140;1627;4
740000;579;1518;1
525000;699;1562;2
9500000;4454;1628;5
1250000;897;1629;2
795000;1236;1630;3
935000;683;1631;2
535000;678;1632;2
1995000;2055;1633;4
1800000;2996;1634;5
750000;1030;1635;3
1430000;905;430;2
1500000;1197;1636;2
1890000;2408;1637;5
1990000;1364;1638;3
825000;1109;1639;2
525000;779;1640;4
1900000;4558;1641;5
725000;635;1642;2
900000;1436;1643;2
3995000;4642;1644;6
1100000;1420;1645;3
975000;1448;1646;4
1225000;1495;1647;4
325000;601;1648;2
1175000;2259;1649;5
500000;551;755;1
6600000;3388;1650;5
850000;1239;1651;3
3950000;4629;829;6
1750000;1677;1652;2
1950000;2797;1653;6
2100000;1550;1654;3
1685000;1318;1655;2
550000;759;887;1
690000;633;1656;1
685000;594;1656;1
765000;733;1656;2
435000;412;1398;1
435000;420;1398;1
825000;775;1656;2
1150000;1206;1657;3
710000;830;1656;1
1695000;1168;1658;2
500000;508;1598;1
850000;907;1398;3
970000;1350;1659;2
1650000;1642;988;4
475000;663;1660;2
1050000;1050;1661;2
1750000;1770;1662;4
750000;477;1663;1
650000;1162;1664;2
580000;607;1665;1
1680000;1100;430;2
1250000;802;1666;1
700000;1387;1667;4
799999;1283;1668;2
825000;1175;1669;3
1050000;953;726;2
575000;720;1670;2
725000;617;1671;2
1000000;1827;1672;4
525000;472;1673;1
1600000;1019;1674;3
1550000;2326;1675;5
750000;1176;287;3
950000;987;1676;2
4250000;2223;1677;4
710000;730;1678;2
1100000;2007;1679;4
1600000;2914;1680;4
12950000;2840;1681;2
749950;1053;357;3
899950;1344;1682;5
699950;1410;636;3
399995;569;1683;1
525000;814;1684;1
2500000;2967;1685;5
950000;698;1686;2
1750000;2553;1687;5
1225000;1510;1688;4
700000;678;1689;2
2170000;1081;430;3
3250000;3410;1690;3
630000;709;1691;2
1600000;1565;1692;3
475000;626;1693;2
1025000;992;1413;3
500000;481;1694;1
550000;358;1695;1
4350000;4862;466;6
575000;997;1478;2
2650000;3009;1696;5
775000;1173;1697;1
1345000;1909;269;4
2250000;2978;1698;5
500000;752;1699;1
1600000;1192;1700;2
515000;578;1701;1
495000;693;1702;1
1485000;1541;1703;4
3650000;2034;1704;4
825000;896;1705;3
630000;1596;1706;4
675000;1021;1707;3
17950000;5880;1708;5
699950;976;1460;3
600000;854;1709;3
900000;1363;1710;4
1195000;2149;1711;4
395000;594;1712;1
795000;862;265;2
1350000;1768;1713;3
3600000;2147;1714;3
1599950;1111;1715;3
1850000;1176;1716;2
875000;1211;774;3
1350000;1830;1717;5
625000;760;1718;2
5500000;4273;1719;6
1595000;1643;1720;5
4750000;2979;1721;4
675000;638;1722;1
900000;822;1723;2
6450000;5288;1724;6
1600000;1195;1725;2
3750000;1358;1726;2
465000;730;1727;2
850000;842;1728;2
3250000;3179;96;6
1500000;1200;1729;2
450000;717;1730;2
2375000;2123;1342;3
1550000;3065;1731;4
1780000;2264;1732;5
775000;729;1733;2
1450000;1700;1734;4
425000;563;1735;1
2250000;1171;1736;2
4250000;1946;1737;4
2000000;2009;1738;4
800000;1260;1739;4
900000;1275;1740;3
6950000;3774;1741;5
779000;832;1742;2
945000;1146;1743;2
1295000;2055;1744;4
599999;821;1745;2
550000;630;1746;2
700000;680;1747;2
1850000;1512;1748;3
1299995;2394;1749;5
2850000;5116;768;6
2650000;2942;1750;6
795000;541;1751;1
995000;1485;1752;3
2850000;5380;1753;6
750000;1043;1754;3
900000;1207;182;3
875000;922;1755;3
775000;1201;227;3
565000;653;1756;1
2000000;1342;1757;3
1000000;772;1757;2
3075000;1477;1758;3
1250000;1877;1759;4
895000;601;1760;1
900000;1273;1761;2
699950;1226;1762;3
850000;1382;1763;3
725000;872;1764;2
345000;433;1765;1
950000;1896;1766;4
1700000;1378;1767;3
1550000;958;1768;3
1350000;1428;869;3
999950;726;1769;2
3300000;2640;1770;5
1200000;2491;1771;3
899950;1504;1772;3
485000;545;1773;1
630000;1043;1774;2
720000;987;1752;2
2350000;2666;1432;4
800000;703;1775;2
1800000;1909;1776;4
1650000;2942;1777;5
367500;472;1778;1
945000;1081;1779;2
2500000;5101;1780;6
995000;1845;1781;4
685000;560;1782;1
1100000;1582;1783;4
865000;606;430;1
725000;696;1784;2
1200000;1310;1785;4
1700000;2126;249;4
425000;574;1458;1
995000;1839;564;5
525000;596;1786;2
6350000;2948;701;4
2275000;2803;1787;5
825000;722;1788;2
1750000;1481;983;2
1100000;1632;496;3
530000;626;1789;2
1795000;1149;1790;2
725000;805;1791;2
775000;996;1427;2
850000;1242;1792;3
825000;1272;1793;3
845000;1510;1794;4
850000;826;1795;2
875000;977;1796;2
1000000;1354;1797;3
1050000;751;1798;2
575000;765;1799;2
995000;1013;1800;2
1650000;3285;1801;4
1545000;1440;1802;2
869995;1333;1659;2
1295000;1647;1803;4
4250000;3893;1804;5
1800000;1467;1805;3
799950;1194;1806;3
1999500;3769;1807;5
775000;863;1742;2
885000;1084;1808;3
495000;821;1809;2
1550000;2690;1810;5
600000;455;1811;1
1925000;4124;1812;6
3425000;3622;1813;6
1500000;2278;1814;5
800000;708;1815;2
1050000;1020;1816;2
675000;628;1817;2
875000;1077;1818;2
1900000;2061;1819;5
450000;708;1820;2
750000;778;1011;2
685000;1000;1821;3
4000000;2435;1822;3
1335000;1771;1823;3
2250000;1265;1824;3
1625000;1612;1825;3
850000;723;1826;2
550000;536;1826;1
1400000;1259;1826;3
1200000;1335;1827;4
5995000;6313;1828;6
495000;767;1829;2
2750000;2479;1830;4
1675000;2110;1831;4
1595000;1316;1832;3
1395000;1171;1833;3
3295000;2435;1834;4
800000;857;1835;1
3300000;1669;1836;3
625000;729;1837;2
1000000;2232;1838;5
2250000;1735;1839;3
550000;585;1840;1
3250000;2813;1841;5
2990000;3175;1842;6
475000;566;1843;1
750000;885;1844;2
675000;858;1845;3
950000;1016;1846;2
450000;495;1847;1
1500000;5587;1848;7
2250000;1547;1849;3
2295000;3823;1850;6
2675000;1087;1851;3
3650000;4135;990;5
1250000;943;1852;2
650000;1031;910;2
850000;861;1853;2
1000000;1514;1854;2
825000;687;1855;2
1050000;1091;1856;2
2375000;3116;1857;6
2950000;3235;294;6
1595000;1219;727;2
3750000;2243;1858;5
550000;599;1038;1
590000;1048;1859;2
1298000;591;1860;1
7100000;2908;1861;5
450000;572;1862;1
1795000;1842;1863;3
375000;450;1864;1
660000;929;1865;2
7950000;4168;1866;4
775000;858;1867;2
995000;875;1868;2
1350000;1520;186;3
535000;887;1869;3
385000;344;1870;1
1195000;723;1871;2
1195000;1260;1872;3
1575000;979;1873;2
3700000;2381;1851;4
550000;474;1874;1
4250000;2402;1875;3
1300000;1668;1876;4
625000;491;1877;1
445000;667;1878;2
670000;743;1879;2
1385000;1837;1880;4
1650000;2305;1881;5
625000;768;476;2
995000;800;1882;2
465000;594;1883;1
1300000;1299;1884;2
2000000;3165;1885;5
1075000;1138;1886;2
5000000;4980;1260;6
1750000;2431;1887;4
1850000;1679;1888;3
900000;1054;1889;2
4795000;3943;983;5
600000;568;1890;1
665000;956;1891;2
1650000;2335;1892;3
999950;2249;1893;5
2250000;2030;1894;6
1245000;1773;1895;4
435000;510;1896;1
2000000;2315;1897;5
700000;623;1898;2
730000;801;1899;2
525000;1239;1900;2
7250000;1991;1901;3
2895000;4503;1902;7
2850000;1275;1903;3
599950;710;1904;2
5250000;3092;1905;5
600000;869;1683;2
2350000;3071;1906;5
899950;1195;1907;2
670000;662;1817;1
1175000;776;1908;2
1550000;1953;1909;4
1995000;2116;1910;5
1950000;809;1911;2
725000;940;1912;3
2250000;2293;1913;4
400000;708;1914;2
875000;1141;356;2
1500000;1186;1915;3
2150000;2598;1892;5
895000;1133;1916;3
2175000;2243;1917;4
1750000;2012;1918;5
8500000;3493;1919;4
2500000;1888;1920;3
925000;760;1921;2
550000;481;1922;1
879950;1048;474;2
2300000;2526;1923;5
650000;664;1924;2
600000;813;1925;2
775000;941;1926;1
7250000;2248;1927;4
950000;1160;1928;3
1650000;2434;1929;5
1000000;909;1930;2
975000;1281;1931;2
675000;1097;1932;2
3495000;2176;1933;3
350000;507;1934;1
880000;1573;1935;3
1250000;763;1936;1
800000;1022;1937;2
735000;747;1938;2
1995000;1495;1939;4
1350000;2355;1940;5
995000;1255;1941;4
2000000;2680;160;6
750000;1019;1942;2
1450000;1849;1943;2
1300000;1203;1944;3
800000;833;1945;2
1100000;1822;1946;4
2795000;4704;1947;4
2000000;2226;1948;4
360000;411;1949;1
950000;970;1950;2
825000;1819;1951;3
2950000;840;1952;2
1200000;1572;1953;3
15000000;6333;1954;4
950000;1255;1955;2
1495000;939;1956;2
2750000;2738;1957;5
615000;694;1958;2
580000;817;1670;2
475000;695;1959;2
525000;1152;1960;3
325000;500;1961;1
995000;1039;1962;2
995000;1275;1963;2
1295000;1775;1964;3
1150000;1758;287;4
1100000;1432;1965;4
560000;661;1966;2
475000;471;292;1
1100000;1052;1967;2
7250000;2258;1968;3
1695000;1842;1969;4
499999;464;1970;1
398000;292;1971;1
845000;776;1972;2
2100000;1677;1973;3
1395000;1359;1974;3
900000;1013;1975;2
1850000;1623;1976;3
4500000;2774;1977;4
1650000;2698;1978;5
925000;1483;640;4
1495000;868;1979;2
1245000;1489;1980;4
950000;1087;1981;3
3300000;4415;1982;6
800000;814;1983;2
725000;1023;1984;2
3000000;2853;1985;5
2350000;2299;1435;5
1860000;1174;1986;2
850000;601;1987;2
650000;929;1988;2
775000;780;1989;3
2575000;3785;822;5
625000;693;1990;2
885000;1175;1991;3
595000;647;1212;2
595000;657;1212;2
539950;592;1212;2
750000;1420;519;2
1750000;1203;1992;3
575000;701;1993;2
1300000;1272;1994;4
650000;864;1995;3
2750000;1471;1996;3
2275000;1540;777;3
1295000;887;1997;2
675000;863;1998;2
1695000;5242;1999;8
760000;764;2000;2
850000;820;2001;2
850000;1356;2002;3
3750000;5272;2003;5
285000;693;2004;2
470000;885;2005;2
1575000;1799;2006;4
625000;667;2007;2
1900000;2199;2008;4
2895000;3334;2009;6
725000;748;2010;2
750000;580;726;1
1100000;1324;308;3
2350000;2168;2011;3
2150000;1959;2012;3
1300000;2346;2013;5
795000;1082;2014;2
1350000;1888;1125;3
510000;721;2015;2
550000;469;2016;2
635000;619;1110;2
670000;669;2017;1
675000;774;1250;1
1000000;1173;1761;2
3650000;1616;2018;2
2000000;1884;2019;5
1075000;1255;2020;3
799950;905;2021;2
3695000;4661;2022;6
1750000;3026;2023;5
500000;524;97;2
855000;926;2024;2
675000;693;2025;2
1295000;1324;1972;4
1450000;1920;1416;5
1675000;1558;2026;3
450000;458;1891;1
600000;818;1891;2
525000;565;1891;1
850000;791;2027;2
1095000;663;2028;2
2575000;1374;2029;3
1750000;1089;2030;2
5950000;11610;1780;6
1950000;1010;2031;2
1395000;757;2032;1
3200000;2282;836;3
775000;476;24;1
2300000;1433;2033;3
300000;483;2034;1
1795000;1787;2035;4
1550000;1888;2036;4
875000;985;2037;2
2350000;2858;2038;5
1950000;1730;2039;3
1400000;1102;2040;3
2750000;3558;2041;7
500000;770;2042;2
1150000;2382;2043;5
900000;1606;2044;4
500000;669;2045;2
1150000;1961;2046;4
870000;635;1397;1
1160000;689;2047;2
1350000;1023;565;3
1075000;1575;2048;2
695000;848;143;2
1225000;1350;2049;3
2300000;2668;2050;5
550000;848;2051;2
450000;640;2052;2
399995;569;1683;1
650000;1399;2053;2
950000;963;2054;2
885000;747;2055;2
1595000;1688;550;5
675000;705;2056;2
11200000;4576;2057;5
2500000;3491;2058;6
775000;672;1518;1
995000;1081;2059;3
570000;640;325;1
950000;935;2060;2
550000;569;2061;2
1200000;1101;2062;2
1900000;1961;2063;3
600000;721;606;2
5750000;3753;2064;6
450000;549;2065;1
2950000;2142;2066;4
1795000;2064;2067;4
2750000;5810;2068;5
875000;1756;2069;4
850000;1030;2070;3
850000;930;2071;2
2195000;1384;2072;4
899995;1310;2073;2
700000;560;2074;2
2125000;2128;1738;4
975000;1033;2075;3
2000000;1467;2076;3
450000;677;2077;1
375000;502;2078;1
650000;562;2079;1
2200000;2177;2080;4
1200000;2194;2081;6
1395000;1835;2082;4
375000;590;2083;1
1200000;956;2084;1
2495000;2580;2085;5
950000;2194;2086;4
650000;662;1890;1
1250000;1159;2087;2
775000;847;2088;2
695000;774;2089;3
375000;526;1847;1
830000;930;1052;2
2350000;4777;2090;5
1000000;2544;2091;4
635000;526;2092;1
1575000;2369;1431;4
1275000;976;2093;3
699995;919;2094;2
1100000;1313;2095;4
4500000;2922;2096;3
2750000;1295;2097;3
950000;947;2098;3
715000;789;2099;2
3100000;2047;2100;3
5450000;2842;2101;3
1977000;1075;2102;2
2379000;1372;2102;3
2899000;1594;2102;3
4750000;3546;2103;5
450000;800;2104;3
1245000;1450;2105;4
1195000;1262;827;3
1325000;946;2106;2
775000;853;2107;2
465000;667;2108;1
1495000;2535;644;5
650000;495;183;1
775000;926;2109;3
2400000;1053;1419;2
1695000;1903;321;4
1275000;1980;2110;4
2500000;2475;2111;4
675000;1533;2112;3
2500000;1184;2113;3
850000;819;2114;2
1795000;2101;2115;4
599999;735;2116;1
575000;613;2117;1
2999000;3900;2118;6
865000;781;1215;2
2950000;4904;2119;5
1500000;1364;2120;3
850000;972;2121;2
420000;554;1280;1
825000;573;2122;1
1599999;1704;2123;4
2150000;802;2124;2
999995;763;2125;2
1200000;773;2126;2
525000;844;2127;2
695000;463;2128;1
750000;785;2129;2
550000;1103;2130;2
1500000;1133;2131;3
850000;822;1002;2
1250000;1407;1967;2
1375000;641;2132;1
845000;517;2133;1
560000;541;2134;1
410000;549;2135;1
495000;562;2136;1
795000;882;159;2
3700000;4438;2137;6
699999;759;2138;1
1400000;1388;1837;3
2000000;2736;743;5
1750000;3162;2139;5
4900000;2122;2140;2
950000;898;2141;2
2250000;3874;2142;5
1350000;1234;2143;2
900000;962;2144;2
2850000;4094;1653;5
499999;477;2145;1
2500000;3740;2146;6
1500000;1539;2147;4
1050000;1184;2148;2
1450000;2322;1264;5
490000;594;2149;1
1095000;741;2150;1
625000;648;2151;2
2600000;3252;2152;6
3350000;2024;2153;4
3995000;4767;2154;7
2500000;2082;2155;3
720000;883;389;2
715000;883;389;2
710000;883;389;2
450000;678;2156;2
2350000;2115;2157;4
2195000;3337;2158;5
915000;1771;2159;5
950000;955;2160;2
1200000;1152;2161;3
1895000;3225;2090;5
1295000;2331;2162;4
4950000;3908;2163;4
2100000;2290;2164;5
1275000;1384;2165;3
5250000;4386;2166;5
1250000;1013;2167;3
925000;913;2168;2
3100000;1682;2169;2
3950000;10807;2170;7
1775000;3143;2171;6
1750000;2230;1301;5
4500000;7935;401;6
1295000;1654;2172;4
1775000;2446;2173;4
5700000;2482;2174;3
2950000;1415;2175;3
925000;1642;29;3
650000;570;2176;1
1250000;1674;2177;4
1300000;1805;2178;4
299950;274;471;1
6500000;4185;16;6
365000;424;2179;1
475000;720;2180;2
1999950;1151;2181;3
750000;738;2182;2
2595000;2006;2183;3
3750000;1545;2184;3
530000;848;2185;2
1350000;954;1021;3
575000;688;1118;2
900000;986;2186;2
1495000;829;2187;2
495000;626;2188;1
300000;446;2189;1
795000;1019;2190;3
1250000;1606;2191;3
1875000;1383;2192;3
700000;898;2193;2
4600000;2650;2194;5
1630000;1049;2195;2
925000;1357;2196;3
1150000;1816;2197;2
3995000;5509;2198;5
1300000;1946;2199;3
1425000;2342;161;5
3300000;2885;2200;6
890000;848;2201;2
425000;523;2202;1
350000;512;2203;1
5500000;1866;2204;2
399000;469;2205;1
1345000;1001;2206;2
1200000;1154;433;2
1595000;2363;2207;5
1000000;1714;2208;5
2850000;2767;2209;3
825000;1055;2210;3
1600000;2825;2211;5
715000;600;2212;2
850000;565;2213;2
625000;902;2214;2
1895000;1079;2029;3
8950000;3701;1279;3
4750000;4002;903;5
2195000;2492;1147;4
16999999;11733;2215;9
1150000;1056;2216;2
1250000;1332;2217;3
1050000;631;74;2
1650000;1641;2218;3
1600000;1962;1940;4
5000000;5156;2219;6
899950;1743;2220;3
2650000;4141;2221;5
850000;1100;2222;2
1350000;1867;2223;4
1825000;2140;2224;4
2350000;3801;2225;7
800000;1039;2226;3
1100000;1152;986;3
799950;1160;2227;3
500000;792;2228;2
575000;625;2229;2
1375000;1712;2230;4
1675000;1845;1489;5
700000;964;2231;2
1400000;2151;2232;5
3295000;1846;2233;3
489000;660;2234;2
1395000;831;2235;2
1200000;834;2236;1
695000;784;2237;2
500000;822;2238;2
950000;880;2239;2
1525000;1215;512;2
649950;510;2240;1
3495000;1409;2241;3
850000;1010;2242;2
4250000;2750;2243;4
2125000;3763;2244;5
775000;624;2245;2
450000;386;2246;1
650000;458;2247;2
3850000;1776;2248;3
5500000;2651;2249;4
1300000;832;2250;2
900000;1253;2251;3
1500000;1107;2252;3
1075000;1295;2253;3
1150000;928;2243;2
2950000;3953;2254;4
2795000;2768;1012;4
1150000;1100;2255;3
1200000;1813;2256;4
2850000;1543;2257;3
1900000;2090;2258;4
550000;517;2259;1
1550000;1777;683;4
2195000;3467;2158;5
1000000;902;2260;1
2500000;3682;2261;5
895000;1305;2262;3
650000;797;2263;2
4150000;1504;1569;2
1950000;1883;2264;3
1195000;2389;2265;4
2750000;1821;2266;4
550000;529;2267;2
1500000;1860;2268;4
1950000;2090;45;4
2150000;1830;2269;4
2800000;2682;2270;5
750000;816;2271;2
7000000;6388;2272;8
395000;553;1508;1
685000;661;2183;2
795000;986;2273;2
699950;1029;2274;3
600000;570;2275;2
625000;616;2276;2
775000;832;303;3
1175000;880;2277;2
1200000;1449;355;4
3000000;1901;2278;4
1895000;1772;1413;4
975000;787;2279;2
2650000;2402;2280;5
575000;793;2281;3
3750000;1657;2282;3
730000;893;1827;2
1095000;1268;2283;3
4400000;2087;2284;4
1850000;1625;2285;4
1100000;908;2286;2
430000;826;2287;2
1495000;971;2288;2
375000;504;2289;1
425000;473;2290;1
675000;767;2291;2
3250000;3203;773;5
599950;680;2292;2
1795000;2336;2293;5
1495000;2322;927;4
1000000;1380;2294;2
940000;1155;2295;2
399950;305;2296;1
365000;415;2297;1
750000;892;1601;2
1850000;2247;2298;5
1825000;3918;2299;6
1000000;892;2300;2
1275000;675;2301;2
2250000;1945;2302;3
775000;1285;2303;3
3750000;4847;2304;6
750000;880;2305;2
500000;680;2306;2
1600000;1282;2307;2
700000;836;2;2
780000;767;2308;2
2750000;1782;2309;4
660000;603;2310;1
1195000;1602;2311;5
1699000;1993;2038;5
800000;937;2312;2
1250000;1450;1994;3
800000;945;2313;3
2250000;2351;2314;5
1250000;1203;2315;2
1875000;3478;259;7
1250000;2804;2316;5
2750000;2605;2317;6
550000;896;2318;2
745000;703;2319;2
525000;654;2320;2
1150000;882;2321;2
2500000;2861;2322;5
799999;2156;2323;4
1050000;612;19;1
2900000;1455;2324;2
11950000;7226;2325;5
3750000;5554;2326;6
850000;1344;2199;2
1975000;2910;1024;7
2800000;2959;2327;5
1400000;732;2328;2
725000;1242;2329;2
2000000;1335;2330;2
850000;838;276;2
255000;440;2331;1
795000;919;159;2
1500000;843;2332;1
5950000;1993;2204;3
3250000;1813;2333;3
550000;893;2334;2
500000;418;2335;1
2950000;3601;2336;6
1135000;1675;1143;4
775000;1469;2337;4
1799500;2761;2338;6
650000;1018;2339;2
2350000;2835;2340;4
795000;666;2341;2
1900000;1963;2342;4
1950000;1907;535;5
950000;1580;2343;3
1850000;1332;2344;2
4950000;2011;2174;2
2685000;3873;2345;6
3995000;3480;2346;3
6975000;2583;2347;3
2250000;1269;2348;2
2595000;3100;2349;5
650000;767;2350;2
685000;783;2351;3
19450000;4699;862;5
1650000;2809;2352;4
600000;1026;2353;3
515000;518;2354;1
699950;743;2355;2
750000;1072;2356;4
599950;657;1639;2
2695000;2567;2357;5
3600000;2000;2358;3
1050000;1075;2359;3
525000;583;2360;2
575000;810;2361;2
500000;536;1029;1
795000;753;2362;2
550000;574;2363;2
1235000;960;1629;2
2595000;1452;1150;3
2350000;5303;2364;5
900000;1467;2365;3
1275000;1730;2366;3
2700000;1665;2367;3
650000;798;2368;3
475000;425;2369;1
450000;647;2370;1
550000;728;2371;2
1150000;1398;2372;3
595000;702;2373;2
7500000;2290;2374;3
4850000;5613;2375;5
3195000;4923;2376;6
795000;925;343;2
3100000;3080;2377;5
2295000;2454;2378;4
2800000;2872;2379;5
1450000;2147;2380;3
2950000;3336;1179;6
625000;537;2381;2
1000000;1502;2382;3
575000;800;1449;2
1095000;1885;2383;4
425000;590;2384;2
349995;486;2385;1
1100000;1335;2386;3
1800000;2366;2387;4
1050000;958;2388;2
1600000;1763;1989;4
4500000;3908;2389;6
1095000;1838;2390;4
1200000;1083;2391;2
2495000;1753;2392;3
1275000;1750;1806;4
1500000;798;2393;2
600000;630;2394;2
1100000;908;2395;2
575000;971;2396;3
925000;893;2397;2
1495000;2433;2398;4
4750000;2500;2399;3
2000000;2189;2400;3
799950;1040;2401;2
1300000;1347;2402;3
1100000;2043;1302;4
1200000;890;2403;1
9250000;5139;2404;4
1499000;3238;1946;5
475000;977;2405;3
925000;944;2406;2
1450000;961;2407;2
1995000;3443;2408;5
2195000;1623;2409;3
550000;797;2410;2
1950000;2054;2411;5
1375000;1360;937;3
799999;1090;2412;2
440000;847;2413;2
3500000;1956;2414;3
475000;895;2415;2
825000;1312;2416;3
3500000;2956;2417;5
950000;1239;1651;3
2750000;1474;2418;3
625000;928;2419;2
1295000;1487;2420;2
2950000;2995;2421;5
899995;834;2422;2
1300000;1907;2423;4
1495000;1020;2424;2
795000;922;2425;2
1450000;2106;2426;4
795000;860;2427;2
765000;993;287;2
2150000;2309;2428;5
825000;616;2429;1
9500000;4277;2430;4
1575000;1703;2431;4
1575000;2514;2432;4
1350000;1900;2433;4
2050000;1003;2434;2
1999950;802;2435;2
875000;943;632;2
1275000;1445;2436;3
2850000;2833;2437;5
3500000;3775;2438;7
1875000;2618;490;5
2100000;2139;2439;5
3750000;2315;2440;4
2450000;1289;2441;2
498000;554;2442;1
590000;795;2443;2
900000;756;823;2
1195000;850;847;1
2195000;1268;1502;2
2400000;3029;2444;6
850000;975;2445;3
4250000;6632;2446;7
1025000;1070;2447;3
520000;411;2448;1
1950000;2158;2449;3
8950000;2956;2450;3
799950;686;1826;2
1295000;1364;2451;3
775000;1149;1772;2
410000;547;2452;1
625000;541;2453;1
650000;571;183;1
595000;735;2454;2
2650000;1191;2455;2
2500000;2882;2456;6
950000;1661;753;4
820000;797;537;1
1225000;2056;2457;3
1795000;1118;2458;2
1000000;1666;2459;3
2295000;2899;2460;4
5000000;2248;2461;4
2895000;3414;2462;6
1000000;728;2463;2
625000;825;2464;2
3000000;4088;2465;6
3950000;4438;2466;5
2999000;3295;2314;6
965000;925;2467;2
2000000;2127;1738;4
5000000;2332;2468;4
3450000;3802;2469;5
895000;555;2470;1
5000000;7879;2471;6
1095000;1256;2472;4
5650000;2753;2473;4
2820000;3900;2261;5
2250000;2835;2474;5
1450000;1667;2475;4
700000;997;1761;2
1850000;1836;1967;2
3000000;3325;2476;7
1525000;2232;2477;5
1350000;1117;2478;2
625000;636;2479;1
1650000;1576;1321;4
450000;500;2480;1
1625000;1372;2481;4
1000000;1528;1216;4
850000;848;2482;2
2495000;3609;2483;6
2250000;2469;2426;4
3950000;2803;2484;5
1750000;2396;2485;5
1195000;678;2486;1
650000;1077;2487;2
3000000;3027;1842;5
550000;960;2488;2
1000000;659;2489;1
9950000;4876;2490;6
11950000;4785;2491;5
1500000;2123;258;5
599999;665;2492;2
995000;1021;2493;2
525000;565;2494;1
2395000;1190;2495;3
2100000;1367;2496;3
800000;1044;2497;2
885000;1113;2498;3
2395000;2881;2499;5
1680000;1502;2500;3
2000000;2178;2501;4
1175000;1752;2502;3
2350000;2720;2503;6
4200000;4591;2504;6
1550000;1227;2505;2
2500000;2314;2506;4
695000;871;2507;2
775000;1368;2508;3
4950000;4622;2509;6
1795000;1402;1631;4
2550000;2665;2456;5
565000;711;2510;2
2500000;1950;2511;3
885000;920;1458;2
399950;362;1212;1
895000;1013;2512;2
550000;654;688;2
1450000;2270;1189;4
1160000;861;726;2
2500000;1227;2513;2
1575000;699;2514;1
2500000;3613;2515;7
1150000;682;2418;1
1450000;1727;85;4
2650000;1304;2516;2
1175000;1601;2517;4
360000;630;2518;2
670000;920;2519;2
799500;898;519;2
1250000;1828;2520;4
350000;422;2521;1
895000;1579;2522;4
1500000;2122;2523;5
4250000;1978;2524;4
1225000;1262;2525;3
1150000;1447;1159;4
14850000;7800;1173;6
2250000;2422;2526;5
405000;376;2527;1
2750000;5310;2528;5
1695000;2160;1489;4
850000;770;2529;2
1295000;924;726;2
2750000;1765;2062;3
2750000;1539;2530;3
1500000;638;2531;1
599950;495;1325;1
1100000;1461;2532;3
4750000;2890;324;5
2500000;3053;2533;5
1250000;1281;2534;2
1650000;1887;2420;2
6250000;3215;2535;5
5295000;2807;2536;4
3500000;1481;1252;3
14500000;7156;2537;6
4250000;2631;2538;2
699950;1087;2539;3
1100000;718;6;1
3100000;2885;2540;6
700000;990;2541;2
1600000;1078;2542;2
625000;899;2543;2
1895000;1975;2544;5
485000;454;2545;1
2150000;2887;2546;6
1200000;1358;2547;2
565000;895;2548;2
600000;736;2549;3
1850000;1978;2420;3
1275000;1766;2156;4
2100000;1913;2550;4
3450000;2377;2551;5
1050000;546;19;1
6950000;4295;2552;5
999950;764;2553;2
995000;1115;223;2
1150000;1346;2554;3
2200000;1715;2420;2
1800000;1490;2420;2
680000;681;2555;2
925000;1033;2556;3
1800000;1441;2557;3
1000000;923;671;2
1765000;3354;880;5
835000;744;2558;2
1900000;2599;2559;5
1900000;2114;2560;2
540000;615;2561;2
899950;1025;2562;3
5950000;6776;2563;8
460000;767;1829;2
730000;626;199;2
1495000;1618;2564;3
525000;833;1041;3
1195000;839;2565;2
775000;828;2566;2
3200000;2634;2567;5
2495000;4185;2568;6
699950;1037;2569;3
500000;955;452;2
699999;970;2570;2
500000;462;1930;1
1150000;1774;2571;4
2170000;1083;430;3
1395000;924;2572;2
2300000;2062;2573;4
899995;863;2574;2
900000;902;2575;2
6395000;2944;2576;3
1350000;750;2577;2
5000000;4004;2578;4
2300000;2713;2579;6
6100000;2625;2580;5
950000;968;2581;2
2325000;1895;2582;4
17950000;14358;2583;7
1195000;1039;2584;3
2250000;1874;2585;5
595000;674;2586;2
700000;801;795;3
675000;736;2587;2
800000;907;2588;2
1100000;1156;2589;2
995000;685;2590;2
3500000;2423;2591;4
3950000;4188;2592;7
6750000;3719;299;5
9000000;4039;1115;5
700000;1221;2593;3
500000;945;2594;4
950000;870;79;2
1100000;1310;2595;2
470000;496;2596;1
2980000;3433;2597;6
1250000;969;2598;3
850000;1017;2599;2
1325000;1167;2600;3
6950000;1584;2601;3
650000;1386;2602;4
3400000;2441;2603;4
1650000;1189;2604;2
2750000;2080;2605;4
2200000;1119;2606;2
3875000;4095;2607;7
4350000;2494;2608;3
475000;542;2609;1
450000;738;2610;2
1450000;1067;2611;2
2250000;1539;2612;2
4750000;8081;1156;7
3500000;3001;2613;5
865000;1551;2614;3
8250000;4555;1714;5
7500000;3792;2615;5
7925000;2648;2616;4
5250000;4144;2617;6
595000;795;2618;2
2650000;2454;2619;6
5950000;2220;2620;4
5600000;2509;2621;4
2250000;3889;1156;4
1100000;1454;2622;4
1195000;1024;561;3
975000;1194;2623;3
600000;1219;2624;3
4950000;1627;1379;2
995000;1762;2625;4
725000;521;2626;1
2750000;1184;213;2
1375000;1203;1944;3
1850000;1268;2627;2
1825000;934;1986;2
807995;1650;2628;5
1325000;2403;142;4
750000;596;2201;1
575000;531;2627;1
1425000;983;2629;2
550000;672;2630;2
2200000;1337;2631;3
2000000;1450;2632;4
640000;794;2633;3
3500000;3247;2634;5
765000;1234;2635;3
7500000;3871;2636;5
875000;782;2637;2
4350000;8151;238;5
475000;1018;2638;3
1320000;1452;2420;2
550000;558;234;2
5395000;1845;2639;3
300000;573;2640;1
1600000;1535;2641;4
890000;800;2642;2
862000;978;675;3
775000;636;834;1
1600000;1500;1310;3
1950000;1376;2643;2
680000;484;832;1
7600000;2896;2644;4
1800000;1386;276;3
1490000;1452;2645;3
1500000;1088;246;2
1100000;1056;166;1
1030000;959;2646;2
1350000;1007;2277;2
880000;693;2647;2
875000;1278;2648;2
544999;792;2649;2
799000;835;2650;1
5250000;2456;2651;4
2150000;2453;2652;4
2000000;2421;2652;4
1000000;2701;2653;4
3850000;995;2654;2
875000;1193;2655;2
700000;1025;2656;3
2000000;2282;2657;4
7250000;3185;19;4
3250000;2476;2658;4
1075000;724;711;1
2850000;2163;2659;4
1650000;1139;266;3
1700000;788;2660;2
1350000;1552;2661;4
2395000;2277;2662;4
5750000;3059;2663;5
895000;648;2664;2
2500000;2316;2665;5
850000;1384;2666;5
3650000;2390;2667;4
2800000;3502;2668;6
595000;632;2669;1
3499000;4831;2670;5
2350000;3134;1093;6
925000;1607;1679;4
950000;911;2671;2
4000000;3394;2672;6
525000;1030;1504;3
575000;924;2673;2
1495000;1965;2674;4
500000;546;2570;2
1199950;2041;2675;4
3000000;2607;2676;5
925000;666;2677;1
18950000;3541;2678;4
3250000;1929;778;4
1200000;1574;2679;3
1250000;1500;2666;4
1250000;1252;2680;3
4350000;1773;2681;3
450000;440;2682;1
2950000;1055;2683;2
1000000;1758;2684;4
400000;571;2685;1
1200000;569;2686;1
2500000;4348;2687;6
950000;519;2688;1
1300000;1210;2689;3
800000;1066;2690;2
2650000;3788;2398;4
2995000;4543;2398;5
2350000;4300;2090;5
799000;1589;2691;4
4650000;3343;2692;4
695000;551;2693;1
2350000;5011;2244;6
1999000;2247;2694;3
995000;1073;816;2
1200000;1147;2695;3
2999000;1581;2591;3
2995000;2486;2696;5
525000;420;2341;1
600000;799;2697;2
6995000;8880;2698;7
1000000;1156;2699;3
875000;648;2700;1
3950000;2029;2701;4
18500000;8603;2702;6
485000;563;2703;1
12750000;7526;2704;6
1000000;1690;2705;4
1000000;1636;2705;3
950000;1560;2705;3
650000;1139;2706;4
1295000;1372;2707;2
3650000;5424;2708;6
550000;691;2709;1
1000000;1610;29;3
9500000;4683;709;6
1750000;1535;2710;3
1650000;1698;2711;4
1700000;1796;2534;3
685000;655;2712;1
800000;993;1314;2
4995000;8042;2713;6
2650000;3468;1210;5
3500000;2720;2714;5
320000;469;2715;1
8500000;3041;2716;3
2700000;1087;1528;3
3095000;1450;2717;3
3750000;1589;2718;3
800000;572;1059;1
4250000;2940;2719;4
700000;736;2720;1
2650000;4828;2721;7
4750000;4206;2722;4
3750000;2433;2723;3
2800000;4378;2724;8
1100000;1024;1027;2
2695000;3646;2725;7
1850000;942;2726;2
325000;538;2727;1
2750000;3574;2728;6
3500000;1662;1563;3
4075000;5675;2729;7
6950000;1968;583;3
2500000;2597;2111;4
830000;600;430;1
1425000;911;430;2
14500000;4506;2730;4
699950;901;2731;1
1125000;1458;2732;4
900000;522;2733;1
915000;1186;808;2
19000000;6796;2734;7
525000;844;2735;2
1100000;781;2736;2
8850000;5138;2737;3
2985000;1835;2738;2
5695000;3110;2739;4
725000;1007;1843;2
23950000;15405;2740;7
1300000;834;2741;2
1550000;1016;2742;2
15495000;6359;2743;7
1425000;1218;2744;2
6175000;3150;2745;3
800000;524;1751;1
950000;1241;2746;3
3100000;3048;2747;5
3200000;2303;2748;3
1300000;1690;2749;4
1700000;1771;2648;3
1400000;1814;2750;4
1195000;922;2751;2
1125000;1176;2752;2
4950000;2097;2753;3
2300000;1055;2754;2
9950000;5184;1425;5
1950000;1077;430;3
3450000;1954;727;2
3995000;3917;2755;5
1495000;1115;1700;3
1350000;1683;2756;4
975000;1065;2757;3
4000000;1851;877;3
1450000;1465;2758;2
3750000;3808;2759;5
14500000;5907;2760;5
1950000;1244;2201;2
2950000;1884;982;3
5250000;3108;2761;8
4950000;4452;2762;7
2500000;6247;2763;5
525000;619;2764;1
435000;474;2765;1
1800000;1070;2766;3
1000000;985;2767;1
1475000;818;2768;1
1100000;538;2769;1
1450000;1007;232;2
1395000;711;2301;2
1050000;1010;232;3
1050000;758;2770;1
3950000;1924;877;3
765000;1122;2771;1
850000;1008;2772;2
34000000;7798;1911;6
1800000;1388;2773;3
485000;632;2774;2
2250000;1292;1055;2
489950;765;2398;1
840000;910;2775;3
750000;579;1518;1
1025000;1358;2776;3
2750000;2136;2605;3
1500000;1494;2777;4
1000000;954;294;2
1950000;1878;2778;3
925000;1023;2779;2
450000;675;2780;2
775000;950;1382;2
2500000;1738;2781;4
8950000;5727;2782;6
1275000;1058;2783;2
800000;681;2784;1
1750000;1453;2784;2
1200000;1140;2588;3
790000;591;1518;1
639950;779;2785;2
1119900;1141;2785;3
559950;546;2785;1
2725000;1971;404;3
12950000;4693;2786;5
725000;860;330;2
600000;593;2787;1
2500000;1680;2788;3
3500000;3174;2789;4
1725000;2924;2790;6
2850000;3600;2791;5
6250000;2459;2792;4
1250000;816;2793;2
8900000;2544;430;4
349950;517;2794;1
2250000;1683;2307;3
800000;1432;2795;4
2250000;1515;58;3
950000;3173;2796;5
675000;823;675;2
14750000;9053;2704;9
1300000;1367;2797;3
2095000;2078;2798;3
1350000;1154;2445;4
1600000;1528;2799;3
1400000;880;1987;2
16000000;3486;2800;3
1150000;1032;2801;3
1230000;960;2751;2
995000;872;2799;2
11950000;2347;2802;2
2450000;2262;887;3
599995;583;2803;1
1395000;940;2804;3
815000;1397;2805;3
875000;1050;2806;4
1075000;1280;1366;2
530000;577;675;1
710000;820;1181;2
1200000;732;2807;3
775000;668;455;2
6500000;2165;2808;2
8500000;2665;2808;3
13750000;2476;2809;3
3650000;1700;430;4
2900000;1293;1055;2
25000000;12435;497;5
4100000;1236;2809;2
695000;1023;424;2
10000000;3368;2347;4
13500000;3402;173;3
2300000;1705;2810;3
9500000;3974;2811;8
800000;619;652;1
9000000;3932;2812;4
1800000;1352;2813;3
5950000;2770;2814;2
1385000;1056;2815;3
2500000;1702;1805;3
7400000;2806;2816;4
25000000;8356;2817;5
4950000;2688;2818;4
1150000;1349;2819;2
2565000;1766;834;3
1044000;869;834;2
772000;603;834;1
1466000;1026;834;3
1123000;772;834;2
778000;636;834;1
950000;1154;2820;2
10950000;4728;2821;6
1250000;837;565;2
8950000;2956;2450;3
1150000;915;2822;3
4950000;2881;2823;4
21000000;5417;2824;5
9950000;2782;2825;2
2500000;2480;2826;4
4900000;3467;2827;4
9950000;1682;2828;2
1995000;2200;1776;5
950000;1327;2709;2
2450000;2328;2829;3
2350000;2207;1306;2
2495000;3047;2830;6
5500000;1409;2809;2
1200000;1692;1376;4
6950000;3988;2831;3
2150000;3176;2832;5
11300000;3817;2347;4
9300000;2496;2718;3
4300000;3660;2833;4
6250000;10764;2834;6
1750000;3286;2398;4
1850000;1080;2835;2
8250000;3940;2836;5
5700000;2750;2837;5
4950000;1581;2838;3
1750000;1553;2839;2
19950000;3698;2840;5
3500000;1984;2841;3
3350000;1410;430;3
5275000;1749;2842;3
5995000;4435;2843;6
6300000;1506;2844;3
8650000;5395;2845;6
